protocol,convergence_time_s
ospf_gaming,19.103124380111694
ospf_frr,0.4941554069519043
